click_id,touch_id,campaign_id,user_id,click_time
CLK00003,T00003,C001,U0035,2026-05-01 09:06:00
CLK00006,T00006,C005,U0040,2026-05-01 09:09:00
CLK00009,T00009,C003,U0053,2026-05-01 09:12:00
CLK00012,T00012,C001,U0024,2026-05-01 09:15:00
CLK00015,T00015,C003,U0198,2026-05-01 09:18:00
CLK00018,T00018,C004,U0142,2026-05-01 09:21:00
CLK00021,T00021,C001,U0177,2026-05-01 09:24:00
CLK00024,T00024,C005,U0142,2026-05-01 09:27:00
CLK00027,T00027,C003,U0094,2026-05-01 09:30:00
CLK00030,T00030,C002,U0171,2026-05-01 09:33:00
CLK00033,T00033,C005,U0192,2026-05-01 09:36:00
CLK00036,T00036,C004,U0007,2026-05-01 09:39:00
CLK00039,T00039,C002,U0069,2026-05-01 09:42:00
CLK00042,T00042,C001,U0121,2026-05-01 09:45:00
CLK00045,T00045,C003,U0059,2026-05-01 09:48:00
CLK00048,T00048,C003,U0072,2026-05-01 09:51:00
CLK00051,T00051,C005,U0103,2026-05-01 09:54:00
CLK00054,T00054,C003,U0046,2026-05-01 09:57:00
CLK00057,T00057,C005,U0112,2026-05-01 10:00:00
CLK00060,T00060,C005,U0131,2026-05-01 10:03:00
CLK00063,T00063,C003,U0012,2026-05-01 10:06:00
CLK00066,T00066,C002,U0094,2026-05-01 10:09:00
CLK00069,T00069,C003,U0170,2026-05-01 10:12:00
CLK00072,T00072,C003,U0171,2026-05-01 10:15:00
CLK00075,T00075,C003,U0142,2026-05-01 10:18:00
CLK00078,T00078,C004,U0174,2026-05-01 10:21:00
CLK00081,T00081,C004,U0141,2026-05-01 10:24:00
CLK00084,T00084,C004,U0149,2026-05-01 10:27:00
CLK00087,T00087,C004,U0114,2026-05-01 10:30:00
CLK00090,T00090,C002,U0169,2026-05-01 10:33:00
CLK00093,T00093,C005,U0086,2026-05-01 10:36:00
CLK00096,T00096,C003,U0058,2026-05-01 10:39:00
CLK00099,T00099,C002,U0122,2026-05-01 10:42:00
CLK00102,T00102,C004,U0162,2026-05-01 10:45:00
CLK00105,T00105,C004,U0063,2026-05-01 10:48:00
CLK00108,T00108,C001,U0200,2026-05-01 10:51:00
CLK00111,T00111,C005,U0119,2026-05-01 10:54:00
CLK00114,T00114,C004,U0035,2026-05-01 10:57:00
CLK00117,T00117,C005,U0082,2026-05-01 11:00:00
CLK00120,T00120,C005,U0115,2026-05-01 11:03:00
CLK00123,T00123,C003,U0193,2026-05-01 11:06:00
CLK00126,T00126,C005,U0125,2026-05-01 11:09:00
CLK00129,T00129,C003,U0061,2026-05-01 11:12:00
CLK00132,T00132,C001,U0036,2026-05-01 11:15:00
CLK00135,T00135,C002,U0181,2026-05-01 11:18:00
CLK00138,T00138,C003,U0139,2026-05-01 11:21:00
CLK00141,T00141,C004,U0100,2026-05-01 11:24:00
CLK00144,T00144,C005,U0098,2026-05-01 11:27:00
CLK00147,T00147,C004,U0108,2026-05-01 11:30:00
CLK00150,T00150,C002,U0125,2026-05-01 11:33:00
CLK00153,T00153,C001,U0100,2026-05-01 11:36:00
CLK00156,T00156,C002,U0120,2026-05-01 11:39:00
CLK00159,T00159,C004,U0152,2026-05-01 11:42:00
CLK00162,T00162,C004,U0035,2026-05-01 11:45:00
CLK00165,T00165,C004,U0084,2026-05-01 11:48:00
CLK00168,T00168,C004,U0072,2026-05-01 11:51:00
CLK00171,T00171,C001,U0192,2026-05-01 11:54:00
CLK00174,T00174,C001,U0200,2026-05-01 11:57:00
CLK00177,T00177,C002,U0006,2026-05-01 12:00:00
CLK00180,T00180,C004,U0172,2026-05-01 12:03:00
CLK00183,T00183,C003,U0197,2026-05-01 12:06:00
CLK00186,T00186,C001,U0200,2026-05-01 12:09:00
CLK00189,T00189,C001,U0080,2026-05-01 12:12:00
CLK00192,T00192,C002,U0020,2026-05-01 12:15:00
CLK00195,T00195,C003,U0176,2026-05-01 12:18:00
CLK00198,T00198,C003,U0137,2026-05-01 12:21:00
CLK00201,T00201,C005,U0166,2026-05-01 12:24:00
CLK00204,T00204,C001,U0111,2026-05-01 12:27:00
CLK00207,T00207,C002,U0112,2026-05-01 12:30:00
CLK00210,T00210,C003,U0158,2026-05-01 12:33:00
CLK00213,T00213,C004,U0188,2026-05-01 12:36:00
CLK00216,T00216,C001,U0072,2026-05-01 12:39:00
CLK00219,T00219,C005,U0172,2026-05-01 12:42:00
CLK00222,T00222,C003,U0047,2026-05-01 12:45:00
CLK00225,T00225,C003,U0072,2026-05-01 12:48:00
CLK00228,T00228,C001,U0133,2026-05-01 12:51:00
CLK00231,T00231,C004,U0126,2026-05-01 12:54:00
CLK00234,T00234,C004,U0166,2026-05-01 12:57:00
CLK00237,T00237,C003,U0057,2026-05-01 13:00:00
CLK00240,T00240,C005,U0095,2026-05-01 13:03:00
CLK00243,T00243,C004,U0191,2026-05-01 13:06:00
CLK00246,T00246,C004,U0070,2026-05-01 13:09:00
CLK00249,T00249,C002,U0081,2026-05-01 13:12:00
CLK00252,T00252,C002,U0050,2026-05-01 13:15:00
CLK00255,T00255,C005,U0195,2026-05-01 13:18:00
CLK00258,T00258,C002,U0076,2026-05-01 13:21:00
CLK00261,T00261,C001,U0182,2026-05-01 13:24:00
CLK00264,T00264,C001,U0142,2026-05-01 13:27:00
CLK00267,T00267,C004,U0027,2026-05-01 13:30:00
CLK00270,T00270,C004,U0113,2026-05-01 13:33:00
CLK00273,T00273,C004,U0030,2026-05-01 13:36:00
CLK00276,T00276,C005,U0162,2026-05-01 13:39:00
CLK00279,T00279,C003,U0022,2026-05-01 13:42:00
CLK00282,T00282,C004,U0156,2026-05-01 13:45:00
CLK00285,T00285,C005,U0098,2026-05-01 13:48:00
CLK00288,T00288,C004,U0079,2026-05-01 13:51:00
CLK00291,T00291,C001,U0196,2026-05-01 13:54:00
CLK00294,T00294,C001,U0041,2026-05-01 13:57:00
CLK00297,T00297,C002,U0001,2026-05-01 14:00:00
CLK00300,T00300,C003,U0009,2026-05-01 14:03:00
CLK00303,T00303,C004,U0019,2026-05-01 14:06:00
CLK00306,T00306,C002,U0109,2026-05-01 14:09:00
CLK00309,T00309,C002,U0069,2026-05-01 14:12:00
CLK00312,T00312,C003,U0153,2026-05-01 14:15:00
CLK00315,T00315,C004,U0177,2026-05-01 14:18:00
CLK00318,T00318,C005,U0139,2026-05-01 14:21:00
CLK00321,T00321,C001,U0111,2026-05-01 14:24:00
CLK00324,T00324,C001,U0059,2026-05-01 14:27:00
CLK00327,T00327,C003,U0148,2026-05-01 14:30:00
CLK00330,T00330,C005,U0167,2026-05-01 14:33:00
CLK00333,T00333,C004,U0163,2026-05-01 14:36:00
CLK00336,T00336,C004,U0086,2026-05-01 14:39:00
CLK00339,T00339,C003,U0106,2026-05-01 14:42:00
CLK00342,T00342,C005,U0010,2026-05-01 14:45:00
CLK00345,T00345,C003,U0030,2026-05-01 14:48:00
CLK00348,T00348,C005,U0119,2026-05-01 14:51:00
CLK00351,T00351,C003,U0160,2026-05-01 14:54:00
CLK00354,T00354,C001,U0053,2026-05-01 14:57:00
CLK00357,T00357,C004,U0179,2026-05-01 15:00:00
CLK00360,T00360,C005,U0062,2026-05-01 15:03:00
CLK00363,T00363,C005,U0105,2026-05-01 15:06:00
CLK00366,T00366,C001,U0166,2026-05-01 15:09:00
CLK00369,T00369,C003,U0107,2026-05-01 15:12:00
CLK00372,T00372,C005,U0038,2026-05-01 15:15:00
CLK00375,T00375,C002,U0018,2026-05-01 15:18:00
CLK00378,T00378,C005,U0069,2026-05-01 15:21:00
CLK00381,T00381,C005,U0169,2026-05-01 15:24:00
CLK00384,T00384,C004,U0089,2026-05-01 15:27:00
CLK00387,T00387,C004,U0083,2026-05-01 15:30:00
CLK00390,T00390,C004,U0060,2026-05-01 15:33:00
CLK00393,T00393,C004,U0181,2026-05-01 15:36:00
CLK00396,T00396,C001,U0033,2026-05-01 15:39:00
CLK00399,T00399,C004,U0026,2026-05-01 15:42:00
CLK00402,T00402,C002,U0105,2026-05-01 15:45:00
CLK00405,T00405,C003,U0160,2026-05-01 15:48:00
CLK00408,T00408,C005,U0098,2026-05-01 15:51:00
CLK00411,T00411,C001,U0159,2026-05-01 15:54:00
CLK00414,T00414,C001,U0112,2026-05-01 15:57:00
CLK00417,T00417,C002,U0178,2026-05-01 16:00:00
CLK00420,T00420,C001,U0076,2026-05-01 16:03:00
CLK00423,T00423,C002,U0136,2026-05-01 16:06:00
CLK00426,T00426,C002,U0021,2026-05-01 16:09:00
CLK00429,T00429,C002,U0128,2026-05-01 16:12:00
CLK00432,T00432,C003,U0118,2026-05-01 16:15:00
CLK00435,T00435,C003,U0174,2026-05-01 16:18:00
CLK00438,T00438,C003,U0151,2026-05-01 16:21:00
CLK00441,T00441,C003,U0117,2026-05-01 16:24:00
CLK00444,T00444,C001,U0061,2026-05-01 16:27:00
CLK00447,T00447,C003,U0180,2026-05-01 16:30:00
CLK00450,T00450,C001,U0145,2026-05-01 16:33:00
CLK00453,T00453,C002,U0156,2026-05-01 16:36:00
CLK00456,T00456,C003,U0174,2026-05-01 16:39:00
CLK00459,T00459,C001,U0080,2026-05-01 16:42:00
CLK00462,T00462,C002,U0024,2026-05-01 16:45:00
CLK00465,T00465,C002,U0034,2026-05-01 16:48:00
CLK00468,T00468,C003,U0043,2026-05-01 16:51:00
CLK00471,T00471,C003,U0030,2026-05-01 16:54:00
CLK00474,T00474,C002,U0174,2026-05-01 16:57:00
CLK00477,T00477,C004,U0004,2026-05-01 17:00:00
CLK00480,T00480,C003,U0173,2026-05-01 17:03:00
CLK00483,T00483,C003,U0028,2026-05-01 17:06:00
CLK00486,T00486,C005,U0084,2026-05-01 17:09:00
CLK00489,T00489,C004,U0180,2026-05-01 17:12:00
CLK00492,T00492,C002,U0012,2026-05-01 17:15:00
CLK00495,T00495,C001,U0061,2026-05-01 17:18:00
CLK00498,T00498,C003,U0172,2026-05-01 17:21:00
CLK00501,T00501,C002,U0107,2026-05-01 17:24:00
CLK00504,T00504,C003,U0009,2026-05-01 17:27:00
CLK00507,T00507,C002,U0093,2026-05-01 17:30:00
CLK00510,T00510,C003,U0016,2026-05-01 17:33:00
CLK00513,T00513,C004,U0024,2026-05-01 17:36:00
CLK00516,T00516,C001,U0086,2026-05-01 17:39:00
CLK00519,T00519,C001,U0196,2026-05-01 17:42:00
CLK00522,T00522,C002,U0085,2026-05-01 17:45:00
CLK00525,T00525,C002,U0034,2026-05-01 17:48:00
CLK00528,T00528,C001,U0034,2026-05-01 17:51:00
CLK00531,T00531,C003,U0005,2026-05-01 17:54:00
CLK00534,T00534,C004,U0135,2026-05-01 17:57:00
CLK00537,T00537,C004,U0200,2026-05-01 18:00:00
CLK00540,T00540,C004,U0129,2026-05-01 18:03:00
CLK00543,T00543,C005,U0078,2026-05-01 18:06:00
CLK00546,T00546,C004,U0103,2026-05-01 18:09:00
CLK00549,T00549,C004,U0019,2026-05-01 18:12:00
CLK00552,T00552,C001,U0033,2026-05-01 18:15:00
CLK00555,T00555,C003,U0098,2026-05-01 18:18:00
CLK00558,T00558,C005,U0155,2026-05-01 18:21:00
CLK00561,T00561,C005,U0185,2026-05-01 18:24:00
CLK00564,T00564,C004,U0087,2026-05-01 18:27:00
CLK00567,T00567,C001,U0081,2026-05-01 18:30:00
CLK00570,T00570,C002,U0176,2026-05-01 18:33:00
CLK00573,T00573,C001,U0111,2026-05-01 18:36:00
CLK00576,T00576,C005,U0016,2026-05-01 18:39:00
CLK00579,T00579,C001,U0106,2026-05-01 18:42:00
CLK00582,T00582,C001,U0074,2026-05-01 18:45:00
CLK00585,T00585,C005,U0130,2026-05-01 18:48:00
CLK00588,T00588,C001,U0090,2026-05-01 18:51:00
CLK00591,T00591,C003,U0147,2026-05-01 18:54:00
CLK00594,T00594,C005,U0158,2026-05-01 18:57:00
CLK00597,T00597,C003,U0008,2026-05-01 19:00:00
CLK00600,T00600,C003,U0002,2026-05-01 19:03:00
CLK00603,T00603,C004,U0018,2026-05-01 19:06:00
CLK00606,T00606,C005,U0056,2026-05-01 19:09:00
CLK00609,T00609,C002,U0095,2026-05-01 19:12:00
CLK00612,T00612,C005,U0153,2026-05-01 19:15:00
CLK00615,T00615,C005,U0013,2026-05-01 19:18:00
CLK00618,T00618,C004,U0125,2026-05-01 19:21:00
CLK00621,T00621,C002,U0194,2026-05-01 19:24:00
CLK00624,T00624,C001,U0073,2026-05-01 19:27:00
CLK00627,T00627,C003,U0012,2026-05-01 19:30:00
CLK00630,T00630,C001,U0053,2026-05-01 19:33:00
CLK00633,T00633,C003,U0075,2026-05-01 19:36:00
CLK00636,T00636,C004,U0045,2026-05-01 19:39:00
CLK00639,T00639,C002,U0129,2026-05-01 19:42:00
CLK00642,T00642,C004,U0190,2026-05-01 19:45:00
CLK00645,T00645,C001,U0081,2026-05-01 19:48:00
CLK00648,T00648,C004,U0075,2026-05-01 19:51:00
CLK00651,T00651,C002,U0159,2026-05-01 19:54:00
CLK00654,T00654,C004,U0028,2026-05-01 19:57:00
CLK00657,T00657,C005,U0021,2026-05-01 20:00:00
CLK00660,T00660,C003,U0200,2026-05-01 20:03:00
CLK00663,T00663,C001,U0136,2026-05-01 20:06:00
CLK00666,T00666,C002,U0061,2026-05-01 20:09:00
CLK00669,T00669,C002,U0155,2026-05-01 20:12:00
CLK00672,T00672,C004,U0119,2026-05-01 20:15:00
CLK00675,T00675,C005,U0165,2026-05-01 20:18:00
CLK00678,T00678,C004,U0018,2026-05-01 20:21:00
CLK00681,T00681,C005,U0015,2026-05-01 20:24:00
CLK00684,T00684,C004,U0116,2026-05-01 20:27:00
CLK00687,T00687,C001,U0166,2026-05-01 20:30:00
CLK00690,T00690,C004,U0119,2026-05-01 20:33:00
CLK00693,T00693,C005,U0167,2026-05-01 20:36:00
CLK00696,T00696,C005,U0039,2026-05-01 20:39:00
CLK00699,T00699,C001,U0130,2026-05-01 20:42:00
CLK00702,T00702,C004,U0113,2026-05-01 20:45:00
CLK00705,T00705,C003,U0096,2026-05-01 20:48:00
CLK00708,T00708,C003,U0174,2026-05-01 20:51:00
CLK00711,T00711,C003,U0025,2026-05-01 20:54:00
CLK00714,T00714,C003,U0186,2026-05-01 20:57:00
CLK00717,T00717,C005,U0170,2026-05-01 21:00:00
CLK00720,T00720,C004,U0034,2026-05-01 21:03:00
CLK00723,T00723,C005,U0097,2026-05-01 21:06:00
CLK00726,T00726,C004,U0131,2026-05-01 21:09:00
CLK00729,T00729,C002,U0055,2026-05-01 21:12:00
CLK00732,T00732,C002,U0036,2026-05-01 21:15:00
CLK00735,T00735,C005,U0198,2026-05-01 21:18:00
CLK00738,T00738,C003,U0197,2026-05-01 21:21:00
CLK00741,T00741,C002,U0042,2026-05-01 21:24:00
CLK00744,T00744,C004,U0012,2026-05-01 21:27:00
CLK00747,T00747,C005,U0073,2026-05-01 21:30:00
CLK00750,T00750,C003,U0121,2026-05-01 21:33:00
CLK00753,T00753,C004,U0197,2026-05-01 21:36:00
CLK00756,T00756,C005,U0108,2026-05-01 21:39:00
CLK00759,T00759,C003,U0014,2026-05-01 21:42:00
CLK00762,T00762,C005,U0032,2026-05-01 21:45:00
CLK00765,T00765,C004,U0132,2026-05-01 21:48:00
CLK00768,T00768,C004,U0090,2026-05-01 21:51:00
CLK00771,T00771,C005,U0096,2026-05-01 21:54:00
CLK00774,T00774,C002,U0008,2026-05-01 21:57:00
CLK00777,T00777,C002,U0010,2026-05-01 22:00:00
CLK00780,T00780,C004,U0115,2026-05-01 22:03:00
CLK00783,T00783,C003,U0056,2026-05-01 22:06:00
CLK00786,T00786,C004,U0029,2026-05-01 22:09:00
CLK00789,T00789,C001,U0062,2026-05-01 22:12:00
CLK00792,T00792,C001,U0029,2026-05-01 22:15:00
CLK00795,T00795,C005,U0148,2026-05-01 22:18:00
CLK00798,T00798,C004,U0001,2026-05-01 22:21:00
CLK00801,T00801,C004,U0048,2026-05-01 22:24:00
CLK00804,T00804,C005,U0140,2026-05-01 22:27:00
CLK00807,T00807,C004,U0121,2026-05-01 22:30:00
CLK00810,T00810,C003,U0192,2026-05-01 22:33:00
CLK00813,T00813,C002,U0188,2026-05-01 22:36:00
CLK00816,T00816,C003,U0035,2026-05-01 22:39:00
CLK00819,T00819,C002,U0200,2026-05-01 22:42:00
CLK00822,T00822,C002,U0035,2026-05-01 22:45:00
CLK00825,T00825,C003,U0052,2026-05-01 22:48:00
CLK00828,T00828,C003,U0132,2026-05-01 22:51:00
CLK00831,T00831,C001,U0193,2026-05-01 22:54:00
CLK00834,T00834,C001,U0168,2026-05-01 22:57:00
CLK00837,T00837,C004,U0103,2026-05-01 23:00:00
CLK00840,T00840,C004,U0178,2026-05-01 23:03:00
CLK00843,T00843,C001,U0187,2026-05-01 23:06:00
CLK00846,T00846,C002,U0140,2026-05-01 23:09:00
CLK00849,T00849,C003,U0170,2026-05-01 23:12:00
CLK00852,T00852,C004,U0043,2026-05-01 23:15:00
CLK00855,T00855,C003,U0158,2026-05-01 23:18:00
CLK00858,T00858,C004,U0094,2026-05-01 23:21:00
CLK00861,T00861,C002,U0156,2026-05-01 23:24:00
CLK00864,T00864,C002,U0200,2026-05-01 23:27:00
CLK00867,T00867,C001,U0155,2026-05-01 23:30:00
CLK00870,T00870,C003,U0114,2026-05-01 23:33:00
CLK00873,T00873,C003,U0102,2026-05-01 23:36:00
CLK00876,T00876,C001,U0007,2026-05-01 23:39:00
CLK00879,T00879,C005,U0031,2026-05-01 23:42:00
CLK00882,T00882,C004,U0055,2026-05-01 23:45:00
CLK00885,T00885,C001,U0035,2026-05-01 23:48:00
CLK00888,T00888,C004,U0023,2026-05-01 23:51:00
CLK00891,T00891,C001,U0141,2026-05-01 23:54:00
CLK00894,T00894,C002,U0093,2026-05-01 23:57:00
CLK00897,T00897,C002,U0061,2026-05-02 00:00:00
CLK00900,T00900,C005,U0095,2026-05-02 00:03:00
CLK00903,T00903,C001,U0017,2026-05-02 00:06:00
CLK00906,T00906,C004,U0197,2026-05-02 00:09:00
CLK00909,T00909,C003,U0165,2026-05-02 00:12:00
CLK00912,T00912,C005,U0089,2026-05-02 00:15:00
CLK00915,T00915,C005,U0047,2026-05-02 00:18:00
CLK00918,T00918,C001,U0133,2026-05-02 00:21:00
CLK00921,T00921,C003,U0182,2026-05-02 00:24:00
CLK00924,T00924,C001,U0065,2026-05-02 00:27:00
CLK00927,T00927,C002,U0161,2026-05-02 00:30:00
CLK00930,T00930,C005,U0165,2026-05-02 00:33:00
CLK00933,T00933,C002,U0169,2026-05-02 00:36:00
CLK00936,T00936,C005,U0011,2026-05-02 00:39:00
CLK00939,T00939,C005,U0068,2026-05-02 00:42:00
CLK00942,T00942,C005,U0164,2026-05-02 00:45:00
CLK00945,T00945,C003,U0124,2026-05-02 00:48:00
CLK00948,T00948,C004,U0019,2026-05-02 00:51:00
CLK00951,T00951,C004,U0119,2026-05-02 00:54:00
CLK00954,T00954,C003,U0184,2026-05-02 00:57:00
CLK00957,T00957,C002,U0195,2026-05-02 01:00:00
CLK00960,T00960,C003,U0062,2026-05-02 01:03:00
CLK00963,T00963,C002,U0037,2026-05-02 01:06:00
CLK00966,T00966,C005,U0108,2026-05-02 01:09:00
CLK00969,T00969,C003,U0049,2026-05-02 01:12:00
CLK00972,T00972,C004,U0079,2026-05-02 01:15:00
CLK00975,T00975,C005,U0118,2026-05-02 01:18:00
CLK00978,T00978,C001,U0013,2026-05-02 01:21:00
CLK00981,T00981,C004,U0074,2026-05-02 01:24:00
CLK00984,T00984,C002,U0068,2026-05-02 01:27:00
CLK00987,T00987,C001,U0103,2026-05-02 01:30:00
CLK00990,T00990,C003,U0142,2026-05-02 01:33:00
CLK00993,T00993,C004,U0196,2026-05-02 01:36:00
CLK00996,T00996,C005,U0031,2026-05-02 01:39:00
CLK00999,T00999,C003,U0143,2026-05-02 01:42:00
CLK01002,T01002,C005,U0131,2026-05-02 01:45:00
CLK01005,T01005,C001,U0036,2026-05-02 01:48:00
CLK01008,T01008,C002,U0156,2026-05-02 01:51:00
CLK01011,T01011,C003,U0042,2026-05-02 01:54:00
CLK01014,T01014,C003,U0130,2026-05-02 01:57:00
CLK01017,T01017,C005,U0077,2026-05-02 02:00:00
CLK01020,T01020,C001,U0107,2026-05-02 02:03:00
CLK01023,T01023,C004,U0068,2026-05-02 02:06:00
CLK01026,T01026,C001,U0150,2026-05-02 02:09:00
CLK01029,T01029,C005,U0199,2026-05-02 02:12:00
CLK01032,T01032,C005,U0180,2026-05-02 02:15:00
CLK01035,T01035,C003,U0108,2026-05-02 02:18:00
CLK01038,T01038,C005,U0199,2026-05-02 02:21:00
CLK01041,T01041,C002,U0133,2026-05-02 02:24:00
CLK01044,T01044,C004,U0135,2026-05-02 02:27:00
CLK01047,T01047,C005,U0088,2026-05-02 02:30:00
CLK01050,T01050,C004,U0050,2026-05-02 02:33:00
CLK01053,T01053,C002,U0077,2026-05-02 02:36:00
CLK01056,T01056,C004,U0082,2026-05-02 02:39:00
CLK01059,T01059,C003,U0074,2026-05-02 02:42:00
CLK01062,T01062,C004,U0089,2026-05-02 02:45:00
CLK01065,T01065,C001,U0089,2026-05-02 02:48:00
CLK01068,T01068,C004,U0055,2026-05-02 02:51:00
CLK01071,T01071,C003,U0036,2026-05-02 02:54:00
CLK01074,T01074,C002,U0013,2026-05-02 02:57:00
CLK01077,T01077,C001,U0106,2026-05-02 03:00:00
CLK01080,T01080,C002,U0002,2026-05-02 03:03:00
CLK01083,T01083,C004,U0123,2026-05-02 03:06:00
CLK01086,T01086,C003,U0166,2026-05-02 03:09:00
CLK01089,T01089,C005,U0060,2026-05-02 03:12:00
CLK01092,T01092,C004,U0046,2026-05-02 03:15:00
CLK01095,T01095,C003,U0010,2026-05-02 03:18:00
CLK01098,T01098,C001,U0086,2026-05-02 03:21:00
CLK01101,T01101,C004,U0035,2026-05-02 03:24:00
CLK01104,T01104,C001,U0085,2026-05-02 03:27:00
CLK01107,T01107,C003,U0184,2026-05-02 03:30:00
CLK01110,T01110,C005,U0173,2026-05-02 03:33:00
CLK01113,T01113,C004,U0110,2026-05-02 03:36:00
CLK01116,T01116,C001,U0048,2026-05-02 03:39:00
CLK01119,T01119,C001,U0067,2026-05-02 03:42:00
CLK01122,T01122,C003,U0085,2026-05-02 03:45:00
CLK01125,T01125,C003,U0168,2026-05-02 03:48:00
CLK01128,T01128,C001,U0120,2026-05-02 03:51:00
CLK01131,T01131,C005,U0181,2026-05-02 03:54:00
CLK01134,T01134,C003,U0095,2026-05-02 03:57:00
CLK01137,T01137,C004,U0040,2026-05-02 04:00:00
CLK01140,T01140,C004,U0180,2026-05-02 04:03:00
CLK01143,T01143,C002,U0196,2026-05-02 04:06:00
CLK01146,T01146,C005,U0115,2026-05-02 04:09:00
CLK01149,T01149,C005,U0029,2026-05-02 04:12:00
CLK01152,T01152,C005,U0138,2026-05-02 04:15:00
CLK01155,T01155,C004,U0030,2026-05-02 04:18:00
CLK01158,T01158,C001,U0131,2026-05-02 04:21:00
CLK01161,T01161,C005,U0107,2026-05-02 04:24:00
CLK01164,T01164,C004,U0173,2026-05-02 04:27:00
CLK01167,T01167,C003,U0001,2026-05-02 04:30:00
CLK01170,T01170,C004,U0089,2026-05-02 04:33:00
CLK01173,T01173,C004,U0009,2026-05-02 04:36:00
CLK01176,T01176,C002,U0197,2026-05-02 04:39:00
CLK01179,T01179,C004,U0097,2026-05-02 04:42:00
CLK01182,T01182,C003,U0031,2026-05-02 04:45:00
CLK01185,T01185,C002,U0187,2026-05-02 04:48:00
CLK01188,T01188,C004,U0173,2026-05-02 04:51:00
CLK01191,T01191,C002,U0064,2026-05-02 04:54:00
CLK01194,T01194,C002,U0186,2026-05-02 04:57:00
CLK01197,T01197,C001,U0062,2026-05-02 05:00:00
CLK01200,T01200,C001,U0115,2026-05-02 05:03:00
CLK01203,T01203,C001,U0103,2026-05-02 05:06:00
CLK01206,T01206,C001,U0036,2026-05-02 05:09:00
CLK01209,T01209,C005,U0082,2026-05-02 05:12:00
CLK01212,T01212,C003,U0037,2026-05-02 05:15:00
CLK01215,T01215,C003,U0016,2026-05-02 05:18:00
CLK01218,T01218,C004,U0143,2026-05-02 05:21:00
CLK01221,T01221,C004,U0135,2026-05-02 05:24:00
CLK01224,T01224,C002,U0077,2026-05-02 05:27:00
CLK01227,T01227,C002,U0058,2026-05-02 05:30:00
CLK01230,T01230,C001,U0144,2026-05-02 05:33:00
CLK01233,T01233,C002,U0100,2026-05-02 05:36:00
CLK01236,T01236,C001,U0116,2026-05-02 05:39:00
CLK01239,T01239,C002,U0014,2026-05-02 05:42:00
CLK01242,T01242,C001,U0019,2026-05-02 05:45:00
CLK01245,T01245,C005,U0056,2026-05-02 05:48:00
CLK01248,T01248,C001,U0055,2026-05-02 05:51:00
CLK01251,T01251,C004,U0063,2026-05-02 05:54:00
CLK01254,T01254,C002,U0142,2026-05-02 05:57:00
CLK01257,T01257,C004,U0137,2026-05-02 06:00:00
CLK01260,T01260,C005,U0128,2026-05-02 06:03:00
CLK01263,T01263,C003,U0053,2026-05-02 06:06:00
CLK01266,T01266,C005,U0057,2026-05-02 06:09:00
CLK01269,T01269,C005,U0149,2026-05-02 06:12:00
CLK01272,T01272,C003,U0059,2026-05-02 06:15:00
CLK01275,T01275,C005,U0168,2026-05-02 06:18:00
CLK01278,T01278,C004,U0118,2026-05-02 06:21:00
CLK01281,T01281,C002,U0185,2026-05-02 06:24:00
CLK01284,T01284,C001,U0135,2026-05-02 06:27:00
CLK01287,T01287,C001,U0106,2026-05-02 06:30:00
CLK01290,T01290,C002,U0003,2026-05-02 06:33:00
CLK01293,T01293,C001,U0159,2026-05-02 06:36:00
CLK01296,T01296,C001,U0137,2026-05-02 06:39:00
CLK01299,T01299,C005,U0185,2026-05-02 06:42:00
CLK01302,T01302,C005,U0179,2026-05-02 06:45:00
CLK01305,T01305,C005,U0039,2026-05-02 06:48:00
CLK01308,T01308,C003,U0091,2026-05-02 06:51:00
CLK01311,T01311,C004,U0118,2026-05-02 06:54:00
CLK01314,T01314,C001,U0168,2026-05-02 06:57:00
CLK01317,T01317,C004,U0142,2026-05-02 07:00:00
CLK01320,T01320,C002,U0022,2026-05-02 07:03:00
CLK01323,T01323,C001,U0136,2026-05-02 07:06:00
CLK01326,T01326,C005,U0122,2026-05-02 07:09:00
CLK01329,T01329,C003,U0140,2026-05-02 07:12:00
CLK01332,T01332,C003,U0005,2026-05-02 07:15:00
CLK01335,T01335,C004,U0020,2026-05-02 07:18:00
CLK01338,T01338,C005,U0100,2026-05-02 07:21:00
CLK01341,T01341,C002,U0177,2026-05-02 07:24:00
CLK01344,T01344,C001,U0112,2026-05-02 07:27:00
CLK01347,T01347,C005,U0153,2026-05-02 07:30:00
CLK01350,T01350,C003,U0116,2026-05-02 07:33:00
CLK01353,T01353,C004,U0111,2026-05-02 07:36:00
CLK01356,T01356,C004,U0022,2026-05-02 07:39:00
CLK01359,T01359,C001,U0022,2026-05-02 07:42:00
CLK01362,T01362,C002,U0190,2026-05-02 07:45:00
CLK01365,T01365,C001,U0002,2026-05-02 07:48:00
CLK01368,T01368,C003,U0027,2026-05-02 07:51:00
CLK01371,T01371,C004,U0143,2026-05-02 07:54:00
CLK01374,T01374,C001,U0023,2026-05-02 07:57:00
CLK01377,T01377,C005,U0084,2026-05-02 08:00:00
CLK01380,T01380,C004,U0200,2026-05-02 08:03:00
CLK01383,T01383,C005,U0134,2026-05-02 08:06:00
CLK01386,T01386,C002,U0069,2026-05-02 08:09:00
CLK01389,T01389,C001,U0043,2026-05-02 08:12:00
CLK01392,T01392,C004,U0020,2026-05-02 08:15:00
CLK01395,T01395,C004,U0153,2026-05-02 08:18:00
CLK01398,T01398,C002,U0078,2026-05-02 08:21:00
CLK01401,T01401,C004,U0085,2026-05-02 08:24:00
CLK01404,T01404,C005,U0035,2026-05-02 08:27:00
CLK01407,T01407,C002,U0123,2026-05-02 08:30:00
CLK01410,T01410,C003,U0189,2026-05-02 08:33:00
CLK01413,T01413,C004,U0072,2026-05-02 08:36:00
CLK01416,T01416,C002,U0152,2026-05-02 08:39:00
CLK01419,T01419,C004,U0182,2026-05-02 08:42:00
CLK01422,T01422,C001,U0105,2026-05-02 08:45:00
CLK01425,T01425,C003,U0169,2026-05-02 08:48:00
CLK01428,T01428,C001,U0115,2026-05-02 08:51:00
CLK01431,T01431,C005,U0130,2026-05-02 08:54:00
CLK01434,T01434,C005,U0153,2026-05-02 08:57:00
CLK01437,T01437,C003,U0043,2026-05-02 09:00:00
CLK01440,T01440,C004,U0193,2026-05-02 09:03:00
CLK01443,T01443,C001,U0067,2026-05-02 09:06:00
CLK01446,T01446,C005,U0177,2026-05-02 09:09:00
CLK01449,T01449,C004,U0119,2026-05-02 09:12:00
CLK01452,T01452,C003,U0007,2026-05-02 09:15:00
CLK01455,T01455,C001,U0030,2026-05-02 09:18:00
CLK01458,T01458,C004,U0053,2026-05-02 09:21:00
CLK01461,T01461,C001,U0113,2026-05-02 09:24:00
CLK01464,T01464,C001,U0182,2026-05-02 09:27:00
CLK01467,T01467,C001,U0174,2026-05-02 09:30:00
CLK01470,T01470,C002,U0142,2026-05-02 09:33:00
CLK01473,T01473,C004,U0060,2026-05-02 09:36:00
CLK01476,T01476,C004,U0102,2026-05-02 09:39:00
CLK01479,T01479,C004,U0152,2026-05-02 09:42:00
CLK01482,T01482,C002,U0053,2026-05-02 09:45:00
CLK01485,T01485,C001,U0138,2026-05-02 09:48:00
CLK01488,T01488,C004,U0030,2026-05-02 09:51:00
CLK01491,T01491,C003,U0153,2026-05-02 09:54:00
CLK01494,T01494,C001,U0090,2026-05-02 09:57:00
CLK01497,T01497,C003,U0158,2026-05-02 10:00:00
CLK01500,T01500,C001,U0062,2026-05-02 10:03:00
CLK01503,T01503,C002,U0131,2026-05-02 10:06:00
CLK01506,T01506,C005,U0099,2026-05-02 10:09:00
CLK01509,T01509,C005,U0178,2026-05-02 10:12:00
CLK01512,T01512,C003,U0036,2026-05-02 10:15:00
CLK01515,T01515,C001,U0092,2026-05-02 10:18:00
CLK01518,T01518,C004,U0144,2026-05-02 10:21:00
CLK01521,T01521,C004,U0107,2026-05-02 10:24:00
CLK01524,T01524,C005,U0008,2026-05-02 10:27:00
CLK01527,T01527,C002,U0138,2026-05-02 10:30:00
CLK01530,T01530,C004,U0141,2026-05-02 10:33:00
CLK01533,T01533,C003,U0199,2026-05-02 10:36:00
CLK01536,T01536,C001,U0195,2026-05-02 10:39:00
CLK01539,T01539,C001,U0189,2026-05-02 10:42:00
CLK01542,T01542,C003,U0090,2026-05-02 10:45:00
CLK01545,T01545,C002,U0054,2026-05-02 10:48:00
CLK01548,T01548,C005,U0162,2026-05-02 10:51:00
CLK01551,T01551,C002,U0053,2026-05-02 10:54:00
CLK01554,T01554,C003,U0153,2026-05-02 10:57:00
CLK01557,T01557,C003,U0075,2026-05-02 11:00:00
CLK01560,T01560,C001,U0035,2026-05-02 11:03:00
CLK01563,T01563,C002,U0180,2026-05-02 11:06:00
CLK01566,T01566,C003,U0064,2026-05-02 11:09:00
CLK01569,T01569,C003,U0161,2026-05-02 11:12:00
CLK01572,T01572,C001,U0104,2026-05-02 11:15:00
CLK01575,T01575,C003,U0117,2026-05-02 11:18:00
CLK01578,T01578,C001,U0188,2026-05-02 11:21:00
CLK01581,T01581,C005,U0102,2026-05-02 11:24:00
CLK01584,T01584,C003,U0083,2026-05-02 11:27:00
CLK01587,T01587,C002,U0145,2026-05-02 11:30:00
CLK01590,T01590,C001,U0161,2026-05-02 11:33:00
CLK01593,T01593,C004,U0117,2026-05-02 11:36:00
CLK01596,T01596,C002,U0167,2026-05-02 11:39:00
CLK01599,T01599,C003,U0065,2026-05-02 11:42:00
CLK01602,T01602,C004,U0161,2026-05-02 11:45:00
CLK01605,T01605,C001,U0181,2026-05-02 11:48:00
CLK01608,T01608,C001,U0034,2026-05-02 11:51:00
CLK01611,T01611,C004,U0003,2026-05-02 11:54:00
CLK01614,T01614,C004,U0178,2026-05-02 11:57:00
CLK01617,T01617,C004,U0023,2026-05-02 12:00:00
CLK01620,T01620,C003,U0036,2026-05-02 12:03:00
CLK01623,T01623,C002,U0018,2026-05-02 12:06:00
CLK01626,T01626,C002,U0113,2026-05-02 12:09:00
CLK01629,T01629,C002,U0106,2026-05-02 12:12:00
CLK01632,T01632,C001,U0026,2026-05-02 12:15:00
CLK01635,T01635,C004,U0090,2026-05-02 12:18:00
CLK01638,T01638,C003,U0166,2026-05-02 12:21:00
CLK01641,T01641,C005,U0185,2026-05-02 12:24:00
CLK01644,T01644,C003,U0053,2026-05-02 12:27:00
CLK01647,T01647,C004,U0076,2026-05-02 12:30:00
CLK01650,T01650,C001,U0062,2026-05-02 12:33:00
CLK01653,T01653,C005,U0004,2026-05-02 12:36:00
CLK01656,T01656,C005,U0108,2026-05-02 12:39:00
CLK01659,T01659,C004,U0198,2026-05-02 12:42:00
CLK01662,T01662,C001,U0068,2026-05-02 12:45:00
CLK01665,T01665,C005,U0074,2026-05-02 12:48:00
CLK01668,T01668,C004,U0022,2026-05-02 12:51:00
CLK01671,T01671,C003,U0022,2026-05-02 12:54:00
CLK01674,T01674,C002,U0138,2026-05-02 12:57:00
CLK01677,T01677,C001,U0080,2026-05-02 13:00:00
CLK01680,T01680,C002,U0023,2026-05-02 13:03:00
CLK01683,T01683,C005,U0015,2026-05-02 13:06:00
CLK01686,T01686,C001,U0182,2026-05-02 13:09:00
CLK01689,T01689,C004,U0089,2026-05-02 13:12:00
CLK01692,T01692,C003,U0033,2026-05-02 13:15:00
CLK01695,T01695,C001,U0086,2026-05-02 13:18:00
CLK01698,T01698,C003,U0183,2026-05-02 13:21:00
CLK01701,T01701,C004,U0131,2026-05-02 13:24:00
CLK01704,T01704,C002,U0095,2026-05-02 13:27:00
CLK01707,T01707,C001,U0059,2026-05-02 13:30:00
CLK01710,T01710,C002,U0012,2026-05-02 13:33:00
CLK01713,T01713,C002,U0010,2026-05-02 13:36:00
CLK01716,T01716,C003,U0064,2026-05-02 13:39:00
CLK01719,T01719,C001,U0147,2026-05-02 13:42:00
CLK01722,T01722,C001,U0046,2026-05-02 13:45:00
CLK01725,T01725,C001,U0120,2026-05-02 13:48:00
CLK01728,T01728,C001,U0142,2026-05-02 13:51:00
CLK01731,T01731,C003,U0145,2026-05-02 13:54:00
CLK01734,T01734,C004,U0095,2026-05-02 13:57:00
CLK01737,T01737,C005,U0195,2026-05-02 14:00:00
CLK01740,T01740,C001,U0060,2026-05-02 14:03:00
CLK01743,T01743,C001,U0195,2026-05-02 14:06:00
CLK01746,T01746,C002,U0136,2026-05-02 14:09:00
CLK01749,T01749,C002,U0183,2026-05-02 14:12:00
CLK01752,T01752,C005,U0106,2026-05-02 14:15:00
CLK01755,T01755,C001,U0130,2026-05-02 14:18:00
CLK01758,T01758,C005,U0146,2026-05-02 14:21:00
CLK01761,T01761,C003,U0067,2026-05-02 14:24:00
CLK01764,T01764,C004,U0070,2026-05-02 14:27:00
CLK01767,T01767,C005,U0028,2026-05-02 14:30:00
CLK01770,T01770,C004,U0081,2026-05-02 14:33:00
CLK01773,T01773,C002,U0116,2026-05-02 14:36:00
CLK01776,T01776,C001,U0041,2026-05-02 14:39:00
CLK01779,T01779,C002,U0084,2026-05-02 14:42:00
CLK01782,T01782,C004,U0132,2026-05-02 14:45:00
CLK01785,T01785,C002,U0008,2026-05-02 14:48:00
CLK01788,T01788,C005,U0064,2026-05-02 14:51:00
CLK01791,T01791,C001,U0004,2026-05-02 14:54:00
CLK01794,T01794,C002,U0103,2026-05-02 14:57:00
CLK01797,T01797,C005,U0067,2026-05-02 15:00:00
CLK01800,T01800,C004,U0033,2026-05-02 15:03:00
CLK01803,T01803,C004,U0013,2026-05-02 15:06:00
CLK01806,T01806,C004,U0128,2026-05-02 15:09:00
CLK01809,T01809,C003,U0055,2026-05-02 15:12:00
CLK01812,T01812,C002,U0009,2026-05-02 15:15:00
CLK01815,T01815,C003,U0128,2026-05-02 15:18:00
CLK01818,T01818,C001,U0072,2026-05-02 15:21:00
CLK01821,T01821,C005,U0064,2026-05-02 15:24:00
CLK01824,T01824,C003,U0123,2026-05-02 15:27:00
CLK01827,T01827,C005,U0083,2026-05-02 15:30:00
CLK01830,T01830,C003,U0153,2026-05-02 15:33:00
CLK01833,T01833,C004,U0136,2026-05-02 15:36:00
CLK01836,T01836,C002,U0026,2026-05-02 15:39:00
CLK01839,T01839,C005,U0189,2026-05-02 15:42:00
CLK01842,T01842,C004,U0091,2026-05-02 15:45:00
CLK01845,T01845,C003,U0189,2026-05-02 15:48:00
CLK01848,T01848,C003,U0146,2026-05-02 15:51:00
CLK01851,T01851,C004,U0139,2026-05-02 15:54:00
CLK01854,T01854,C001,U0015,2026-05-02 15:57:00
CLK01857,T01857,C005,U0123,2026-05-02 16:00:00
CLK01860,T01860,C002,U0088,2026-05-02 16:03:00
CLK01863,T01863,C002,U0151,2026-05-02 16:06:00
CLK01866,T01866,C003,U0019,2026-05-02 16:09:00
CLK01869,T01869,C001,U0087,2026-05-02 16:12:00
CLK01872,T01872,C004,U0164,2026-05-02 16:15:00
CLK01875,T01875,C005,U0178,2026-05-02 16:18:00
CLK01878,T01878,C005,U0045,2026-05-02 16:21:00
CLK01881,T01881,C002,U0187,2026-05-02 16:24:00
CLK01884,T01884,C005,U0009,2026-05-02 16:27:00
CLK01887,T01887,C002,U0164,2026-05-02 16:30:00
CLK01890,T01890,C003,U0191,2026-05-02 16:33:00
CLK01893,T01893,C002,U0163,2026-05-02 16:36:00
CLK01896,T01896,C001,U0068,2026-05-02 16:39:00
CLK01899,T01899,C003,U0028,2026-05-02 16:42:00
CLK01902,T01902,C004,U0043,2026-05-02 16:45:00
CLK01905,T01905,C005,U0097,2026-05-02 16:48:00
CLK01908,T01908,C002,U0042,2026-05-02 16:51:00
CLK01911,T01911,C001,U0082,2026-05-02 16:54:00
CLK01914,T01914,C002,U0097,2026-05-02 16:57:00
CLK01917,T01917,C001,U0087,2026-05-02 17:00:00
CLK01920,T01920,C001,U0111,2026-05-02 17:03:00
CLK01923,T01923,C001,U0026,2026-05-02 17:06:00
CLK01926,T01926,C005,U0185,2026-05-02 17:09:00
CLK01929,T01929,C002,U0025,2026-05-02 17:12:00
CLK01932,T01932,C004,U0040,2026-05-02 17:15:00
CLK01935,T01935,C001,U0076,2026-05-02 17:18:00
CLK01938,T01938,C001,U0053,2026-05-02 17:21:00
CLK01941,T01941,C004,U0030,2026-05-02 17:24:00
CLK01944,T01944,C003,U0024,2026-05-02 17:27:00
CLK01947,T01947,C004,U0095,2026-05-02 17:30:00
CLK01950,T01950,C004,U0120,2026-05-02 17:33:00
CLK01953,T01953,C001,U0039,2026-05-02 17:36:00
CLK01956,T01956,C004,U0194,2026-05-02 17:39:00
CLK01959,T01959,C004,U0134,2026-05-02 17:42:00
CLK01962,T01962,C002,U0122,2026-05-02 17:45:00
CLK01965,T01965,C001,U0129,2026-05-02 17:48:00
CLK01968,T01968,C005,U0038,2026-05-02 17:51:00
CLK01971,T01971,C002,U0055,2026-05-02 17:54:00
CLK01974,T01974,C001,U0175,2026-05-02 17:57:00
CLK01977,T01977,C003,U0082,2026-05-02 18:00:00
CLK01980,T01980,C004,U0142,2026-05-02 18:03:00
CLK01983,T01983,C001,U0180,2026-05-02 18:06:00
CLK01986,T01986,C001,U0107,2026-05-02 18:09:00
CLK01989,T01989,C005,U0195,2026-05-02 18:12:00
CLK01992,T01992,C001,U0074,2026-05-02 18:15:00
CLK01995,T01995,C004,U0168,2026-05-02 18:18:00
CLK01998,T01998,C001,U0045,2026-05-02 18:21:00
